"relative_path","sha256","length_bytes"
"04-settlement-integrity\runtime\__init__.py","164DD3667E07816094DA60069DC12D7B2F27257907A9DD4D34A73EF7ECD3C867","61"
"04-settlement-integrity\runtime\authority.py","789B1FC81F48B50C5436F7AEA5A9D7C8A9B7DCD37C66D14167A2FDFB5A16E723","826"
"04-settlement-integrity\runtime\boundary.py","DBFCD14F9631B019735AA87354C09DF89D01486A6E6D0F21B0557AF0AC0AF180","664"
"04-settlement-integrity\runtime\compensation.py","3BCA1F74AC0A5FB87A1566E5D437ADADB6D86BB8BE5EE26FFA282220F8410548","925"
"04-settlement-integrity\runtime\continuity.py","AB174401C3248E31D0BD9A8BFBAC5894C295F92BF2D2693AA94FB6BB4D5CA526","839"
"04-settlement-integrity\runtime\effect_classifier.py","98C6FABD90EF66EB992D3BD42344846EC8852B0F1EDCD36B3D0AA0C3BC7606A0","1003"
"04-settlement-integrity\runtime\engine.py","F8A522666678AD19D08F42B639E6330E0EF956E417D9FC906E3E9792EE70929C","2648"
"04-settlement-integrity\runtime\evidence.py","B2CC78C6546ED2F2E16B93187FC551D7A1CE550AF021CDEC673237A1A22EF92C","988"
"04-settlement-integrity\runtime\f1_runtime\__init__.py","BD4AA27902B5F31E68BCBF1F2AA46E2822F1D920DA057B75451EDFCEBC49E724","642"
"04-settlement-integrity\runtime\f1_runtime\authority.py","789B1FC81F48B50C5436F7AEA5A9D7C8A9B7DCD37C66D14167A2FDFB5A16E723","826"
"04-settlement-integrity\runtime\f1_runtime\boundary.py","618D7803B3FF8183137DB58508C0F61DA2E12EAF4DB072777D835499E3C8A32E","564"
"04-settlement-integrity\runtime\f1_runtime\compensation.py","F33EB19E02AE9AE18E05EBB057E6E748450A05546EBF3A4B06F71B95F286D898","1067"
"04-settlement-integrity\runtime\f1_runtime\continuity.py","EB9AD0C630B65F9DA7246D37B04F943C78C174D97BE65752ADC9318CF91F2590","995"
"04-settlement-integrity\runtime\f1_runtime\effect_classifier.py","6276A9140C06F871CF5C3F0B2D96EFF3974194009742FD7A6F4F3FBD82405DBE","1733"
"04-settlement-integrity\runtime\f1_runtime\engine.py","91C905A7C42FA88C547EC53CCEE1DBA5254396BD58E174CC65CA33A4D12103ED","2772"
"04-settlement-integrity\runtime\f1_runtime\evidence.py","7010AAFFCC2CB4B1C3460556C51216513B32250854A6D772607C342086991731","1097"
"04-settlement-integrity\runtime\f1_runtime\model.py","B4FBC47E865F0FA6A800275E9EC1F83D4F368BE9CA3E6A81485B35082F4FA18E","2186"
"04-settlement-integrity\runtime\f1_runtime\reconciliation.py","72F14034EC55F9EDB269132C4A34F1FB5D35160E0785F36FB3CFD32E823E5432","1518"
"04-settlement-integrity\runtime\f1_runtime\reversal.py","B0E6213D664DF977F5D66859E2571368A792D3307735B2E1B0CF1BAFAA89B44F","1233"
"04-settlement-integrity\runtime\model.py","3EA2569891BD6C4034E3A5EED2C1EFFC16C841433F560821E25206BF06C8C9C2","2120"
"04-settlement-integrity\runtime\README.md","66B837C967657BA8FF734EB2EB27C0CCB98C8A0B12A7E4CA2C91024A2BC940C2","1186"
"04-settlement-integrity\runtime\reconciliation.py","9A50BF0AD030F21950AB8D22822D72CA42EC9E150B3385B473BD3D6572BBB40A","1497"
"04-settlement-integrity\runtime\reversal.py","BFB17736941538476E042A25BF8561C8BD2F1F2022A2A914A524E5A6C02CF989","1091"
